POSTKODE;STRAATKODE;NUMMER;INDEX;GEBDAT;GESLACHT;NATIONALITEIT;VERWERVING;REFPERS;GEZINSGROOTTE;AANTKIND;BURGSTAAT;NAT_OUD;REGISTER;sector;stadsdeel;wijknaam;gemeensch
9031;90000101;205;A000;7/07/1955;M;150;0;J;1;0;Echtgescheiden;;BR/VR;M102;Gent-Noordwest;Bloemekenswijk;
9031;90300577;192;;30/01/1982;M;150;0;J;4;2;Gehuwd;;BR/VR;L09;Gent-West;Mariakerke Centrum;
9031;90300577;192;;20/03/2007;V;150;0;N;1;0;Ongehuwd;;BR/VR;L09;Gent-West;Mariakerke Centrum;
9031;90300577;192;;1/10/2009;V;150;0;N;1;0;Ongehuwd;;BR/VR;L09;Gent-West;Mariakerke Centrum;
9031;90300577;192;;8/08/1980;V;150;0;N;1;0;Gehuwd;106;BR/VR;L09;Gent-West;Mariakerke Centrum;
9000;90006664;35;201;12/02/1984;M;262;0;N;1;0;Ongehuwd;;BR/VR;A51;Gent-kernstad;Brugse Poort - Rooigem;gemeensch
9000;90006664;35;201;5/11/1985;M;150;0;N;1;0;Ongehuwd;;BR/VR;A51;Gent-kernstad;Brugse Poort - Rooigem;gemeensch
9000;90006664;35;201;15/12/1969;V;150;0;N;1;0;Ongehuwd;;BR/VR;A51;Gent-kernstad;Brugse Poort - Rooigem;gemeensch
9000;90006664;35;201;10/05/1955;M;150;0;N;1;0;Ongehuwd;;BR/VR;A51;Gent-kernstad;Brugse Poort - Rooigem;gemeensch
